<?xml version="1.0" encoding="utf-8"?>
<resources>
    <color name="purple_200">#FFBB86FC</color>
    <color name="purple_500">#FF6200EE</color>
    <color name="purple_700">#FF3700B3</color>
    <color name="teal_200">#FF03DAC5</color>
    <color name="teal_700">#FF018786</color>
    <color name="black">#FF000000</color>
    <color name="white">#FFFFFFFF</color>

    <color name="transparent_bar">#80000000</color>
    <color name="blue_a700">#304ffe</color>
    <color name="blue_a400_dark">#004ecb</color>
    <color name="red_500">#f44336</color>
    <color name="light_gray">#f5f5f5</color>

</resources>