<resources xmlns:tools="http://schemas.android.com/tools">
    <!-- Base application theme. -->
    <style name="Theme.DailyQ" parent="Theme.MaterialComponents.DayNight.DarkActionBar">
        <!-- Primary brand color. -->
        <item name="colorPrimary">@color/purple_500</item>
        <item name="colorPrimaryVariant">@color/purple_700</item>
        <item name="colorOnPrimary">@color/white</item>
        <!-- Secondary brand color. -->
        <item name="colorSecondary">@color/teal_200</item>
        <item name="colorSecondaryVariant">@color/teal_700</item>
        <item name="colorOnSecondary">@color/black</item>
        <!-- Status bar color. -->
        <item name="android:statusBarColor" tools:targetApi="l">?attr/colorPrimaryVariant</item>
        <!-- Customize your theme here. -->
    </style>

    <style name="Theme.DailyQ.NoActionBar">
        <item name="windowActionBar">false</item>
        <item name="windowNoTitle">true</item>
    </style>

    <style name="Theme.DailyQ.ImageViewer">
        <item name="android:windowFullscreen">true</item>
        <item name="actionBarStyle">@style/Theme.DailyQ.Dark.ActionBar</item>
        <item name="windowActionBarOverlay">true</item>
    </style>

    <style name="Theme.DailyQ.Dark.ActionBar" parent="Widget.MaterialComponents.ActionBar.Solid">
        <item name="background">@color/transparent_bar</item>
    </style>

</resources>