<resources>
    <string name="app_name">Daily Q</string>

    <string name="title_timeline">타임라인</string>
    <string name="title_today">오늘의 질문</string>
    <string name="title_profile">프로필</string>

    <string name="edit">수정</string>
    <string name="delete">삭제</string>
    <string name="ok">확인</string>
    <string name="cancel">취소</string>

    <string name="answer_hint">나는...</string>
    <string name="add_photo">사진 추가</string>
    <string name="done">완료</string>

</resources>