<resources>
    <string name="app_name">Daily Q</string>

    <string name="title_timeline">타임라인</string>
    <string name="title_today">오늘의 질문</string>
    <string name="title_profile">프로필</string>

    <string name="edit">수정</string>
    <string name="delete">삭제</string>
    <string name="ok">확인</string>
    <string name="cancel">취소</string>
    <string name="dialog_msg_are_you_sure_to_delete">정말 삭제하시겠습니까?</string>

    <string name="answer_hint">나는...</string>
    <string name="add_photo">사진 추가</string>
    <string name="done">완료</string>
    <string name="date_format">yyyy년 M월 d일</string>

    <string name="login_id_hint">아이디</string>
    <string name="login_password_hint">패스워드</string>
    <string name="login">로그인</string>

    <string name="error_uid_too_short">아이디가 너무 짧습니다.</string>
    <string name="error_password_too_short">패스워드가 너무 짧습니다.</string>
    <string name="error_password_must_contain_number">숫자가 포함되어야 합니다.</string>
    <string name="error_login_failed">아이디 또는 패스워드를 다시 확인해주세요.</string>

    <string name="answer_count_format">%d명이 답했습니다</string>
    <string name="no_answer_yet">아무도 답을 하지 않았습니다...</string>
    <string name="retry">재시도</string>

    <string name="answer">답</string>
    <string name="follower">팔로워</string>
    <string name="following">팔로잉</string>
    <string name="follow">팔로우</string>
    <string name="unfollow">언팔로우</string>
    <string name="me">나</string>

    <string name="noti_answer_channel">답글 알림</string>
    <string name="noti_follow_channel">팔로우 알림</string>
    <string name="noti_answer_msg">%1$s님이 오늘의 질문에 답했습니다.</string>
    <string name="noti_follow_msg">%1$s님이 나를 팔로우합니다.</string>

</resources>